table,n_inputs,k,runs,mode,true_difference_points,method,rate,mc_se,ci_low,ci_high,reps
false_winner,20,2,1,stochastic,0,old_single,0.0235,0.0024,0.0192,0.0287,4000
false_winner,20,2,1,stochastic,0,old_repeats,0.0235,0.0024,0.0192,0.0287,4000
false_winner,20,2,1,stochastic,0,paired_raw,0.0145,0.0019,0.0112,0.0187,4000
false_winner,20,2,1,stochastic,0,new,0.0145,0.0019,0.0112,0.0187,4000
false_winner,20,2,3,stochastic,0,old_single,0.0245,0.0024,0.0201,0.0298,4000
false_winner,20,2,3,stochastic,0,old_repeats,0.0310,0.0027,0.0261,0.0368,4000
false_winner,20,2,3,stochastic,0,paired_raw,0.0285,0.0026,0.0238,0.0341,4000
false_winner,20,2,3,stochastic,0,new,0.0285,0.0026,0.0238,0.0341,4000
false_winner,20,2,5,stochastic,0,old_single,0.0255,0.0025,0.0211,0.0309,4000
false_winner,20,2,5,stochastic,0,old_repeats,0.0395,0.0031,0.0339,0.0460,4000
false_winner,20,2,5,stochastic,0,paired_raw,0.0338,0.0029,0.0286,0.0398,4000
false_winner,20,2,5,stochastic,0,new,0.0338,0.0029,0.0286,0.0398,4000
false_winner,20,2,3,deterministic,0,old_single,0.0232,0.0024,0.0190,0.0284,4000
false_winner,20,2,3,deterministic,0,old_repeats,0.2052,0.0064,0.1930,0.2180,4000
false_winner,20,2,3,deterministic,0,paired_raw,0.0175,0.0021,0.0139,0.0221,4000
false_winner,20,2,3,deterministic,0,new,0.0175,0.0021,0.0139,0.0221,4000
false_winner,20,2,5,deterministic,0,old_single,0.0240,0.0024,0.0197,0.0292,4000
false_winner,20,2,5,deterministic,0,old_repeats,0.3325,0.0074,0.3181,0.3473,4000
false_winner,20,2,5,deterministic,0,paired_raw,0.0173,0.0021,0.0137,0.0218,4000
false_winner,20,2,5,deterministic,0,new,0.0173,0.0021,0.0137,0.0218,4000
false_winner,20,3,1,stochastic,0,old_single,0.0390,0.0031,0.0334,0.0455,4000
false_winner,20,3,1,stochastic,0,old_repeats,0.0390,0.0031,0.0334,0.0455,4000
false_winner,20,3,1,stochastic,0,paired_raw,0.0168,0.0020,0.0132,0.0212,4000
false_winner,20,3,1,stochastic,0,new,0.0057,0.0012,0.0038,0.0086,4000
false_winner,20,3,3,stochastic,0,old_single,0.0365,0.0030,0.0311,0.0428,4000
false_winner,20,3,3,stochastic,0,old_repeats,0.0447,0.0033,0.0388,0.0516,4000
false_winner,20,3,3,stochastic,0,paired_raw,0.0272,0.0026,0.0226,0.0328,4000
false_winner,20,3,3,stochastic,0,new,0.0138,0.0018,0.0106,0.0179,4000
false_winner,20,3,5,stochastic,0,old_single,0.0330,0.0028,0.0279,0.0390,4000
false_winner,20,3,5,stochastic,0,old_repeats,0.0565,0.0037,0.0498,0.0641,4000
false_winner,20,3,5,stochastic,0,paired_raw,0.0315,0.0028,0.0265,0.0374,4000
false_winner,20,3,5,stochastic,0,new,0.0170,0.0020,0.0134,0.0215,4000
false_winner,20,3,3,deterministic,0,old_single,0.0278,0.0026,0.0231,0.0333,4000
false_winner,20,3,3,deterministic,0,old_repeats,0.2562,0.0069,0.2430,0.2700,4000
false_winner,20,3,3,deterministic,0,paired_raw,0.0135,0.0018,0.0104,0.0176,4000
false_winner,20,3,3,deterministic,0,new,0.0060,0.0012,0.0040,0.0089,4000
false_winner,20,3,5,deterministic,0,old_single,0.0352,0.0029,0.0300,0.0414,4000
false_winner,20,3,5,deterministic,0,old_repeats,0.4128,0.0078,0.3976,0.4281,4000
false_winner,20,3,5,deterministic,0,paired_raw,0.0145,0.0019,0.0112,0.0187,4000
false_winner,20,3,5,deterministic,0,new,0.0053,0.0011,0.0034,0.0080,4000
false_winner,20,5,1,stochastic,0,old_single,0.0570,0.0037,0.0502,0.0646,4000
false_winner,20,5,1,stochastic,0,old_repeats,0.0570,0.0037,0.0502,0.0646,4000
false_winner,20,5,1,stochastic,0,paired_raw,0.0293,0.0027,0.0245,0.0349,4000
false_winner,20,5,1,stochastic,0,new,0.0032,0.0009,0.0019,0.0056,4000
false_winner,20,5,3,stochastic,0,old_single,0.0555,0.0036,0.0488,0.0630,4000
false_winner,20,5,3,stochastic,0,old_repeats,0.0673,0.0040,0.0599,0.0754,4000
false_winner,20,5,3,stochastic,0,paired_raw,0.0442,0.0033,0.0383,0.0511,4000
false_winner,20,5,3,stochastic,0,new,0.0105,0.0016,0.0078,0.0142,4000
false_winner,20,5,5,stochastic,0,old_single,0.0505,0.0035,0.0441,0.0577,4000
false_winner,20,5,5,stochastic,0,old_repeats,0.0780,0.0042,0.0701,0.0867,4000
false_winner,20,5,5,stochastic,0,paired_raw,0.0535,0.0036,0.0469,0.0609,4000
false_winner,20,5,5,stochastic,0,new,0.0155,0.0020,0.0121,0.0198,4000
false_winner,20,5,3,deterministic,0,old_single,0.0490,0.0034,0.0427,0.0561,4000
false_winner,20,5,3,deterministic,0,old_repeats,0.3478,0.0075,0.3331,0.3626,4000
false_winner,20,5,3,deterministic,0,paired_raw,0.0205,0.0022,0.0165,0.0254,4000
false_winner,20,5,3,deterministic,0,new,0.0030,0.0009,0.0017,0.0052,4000
false_winner,20,5,5,deterministic,0,old_single,0.0460,0.0033,0.0399,0.0529,4000
false_winner,20,5,5,deterministic,0,old_repeats,0.5312,0.0079,0.5158,0.5467,4000
false_winner,20,5,5,deterministic,0,paired_raw,0.0210,0.0023,0.0170,0.0259,4000
false_winner,20,5,5,deterministic,0,new,0.0063,0.0012,0.0042,0.0092,4000
false_winner,50,2,1,stochastic,0,old_single,0.0205,0.0022,0.0165,0.0254,4000
false_winner,50,2,1,stochastic,0,old_repeats,0.0205,0.0022,0.0165,0.0254,4000
false_winner,50,2,1,stochastic,0,paired_raw,0.0248,0.0025,0.0204,0.0300,4000
false_winner,50,2,1,stochastic,0,new,0.0248,0.0025,0.0204,0.0300,4000
false_winner,50,2,3,stochastic,0,old_single,0.0203,0.0022,0.0163,0.0251,4000
false_winner,50,2,3,stochastic,0,old_repeats,0.0293,0.0027,0.0245,0.0349,4000
false_winner,50,2,3,stochastic,0,paired_raw,0.0370,0.0030,0.0316,0.0433,4000
false_winner,50,2,3,stochastic,0,new,0.0370,0.0030,0.0316,0.0433,4000
false_winner,50,2,5,stochastic,0,old_single,0.0200,0.0022,0.0161,0.0248,4000
false_winner,50,2,5,stochastic,0,old_repeats,0.0355,0.0029,0.0302,0.0417,4000
false_winner,50,2,5,stochastic,0,paired_raw,0.0372,0.0030,0.0318,0.0436,4000
false_winner,50,2,5,stochastic,0,new,0.0372,0.0030,0.0318,0.0436,4000
false_winner,50,2,3,deterministic,0,old_single,0.0210,0.0023,0.0170,0.0259,4000
false_winner,50,2,3,deterministic,0,old_repeats,0.1730,0.0060,0.1616,0.1850,4000
false_winner,50,2,3,deterministic,0,paired_raw,0.0255,0.0025,0.0211,0.0309,4000
false_winner,50,2,3,deterministic,0,new,0.0255,0.0025,0.0211,0.0309,4000
false_winner,50,2,5,deterministic,0,old_single,0.0210,0.0023,0.0170,0.0259,4000
false_winner,50,2,5,deterministic,0,old_repeats,0.2933,0.0072,0.2793,0.3076,4000
false_winner,50,2,5,deterministic,0,paired_raw,0.0272,0.0026,0.0226,0.0328,4000
false_winner,50,2,5,deterministic,0,new,0.0272,0.0026,0.0226,0.0328,4000
false_winner,50,3,1,stochastic,0,old_single,0.0318,0.0028,0.0267,0.0376,4000
false_winner,50,3,1,stochastic,0,old_repeats,0.0318,0.0028,0.0267,0.0376,4000
false_winner,50,3,1,stochastic,0,paired_raw,0.0257,0.0025,0.0213,0.0311,4000
false_winner,50,3,1,stochastic,0,new,0.0145,0.0019,0.0112,0.0187,4000
false_winner,50,3,3,stochastic,0,old_single,0.0338,0.0029,0.0286,0.0398,4000
false_winner,50,3,3,stochastic,0,old_repeats,0.0470,0.0033,0.0409,0.0540,4000
false_winner,50,3,3,stochastic,0,paired_raw,0.0400,0.0031,0.0344,0.0465,4000
false_winner,50,3,3,stochastic,0,new,0.0175,0.0021,0.0139,0.0221,4000
false_winner,50,3,5,stochastic,0,old_single,0.0307,0.0027,0.0258,0.0366,4000
false_winner,50,3,5,stochastic,0,old_repeats,0.0517,0.0035,0.0453,0.0591,4000
false_winner,50,3,5,stochastic,0,paired_raw,0.0415,0.0032,0.0357,0.0481,4000
false_winner,50,3,5,stochastic,0,new,0.0200,0.0022,0.0161,0.0248,4000
false_winner,50,3,3,deterministic,0,old_single,0.0338,0.0029,0.0286,0.0398,4000
false_winner,50,3,3,deterministic,0,old_repeats,0.2460,0.0068,0.2329,0.2596,4000
false_winner,50,3,3,deterministic,0,paired_raw,0.0300,0.0027,0.0251,0.0358,4000
false_winner,50,3,3,deterministic,0,new,0.0135,0.0018,0.0104,0.0176,4000
false_winner,50,3,5,deterministic,0,old_single,0.0297,0.0027,0.0249,0.0355,4000
false_winner,50,3,5,deterministic,0,old_repeats,0.3817,0.0077,0.3668,0.3969,4000
false_winner,50,3,5,deterministic,0,paired_raw,0.0255,0.0025,0.0211,0.0309,4000
false_winner,50,3,5,deterministic,0,new,0.0143,0.0019,0.0110,0.0184,4000
false_winner,50,5,1,stochastic,0,old_single,0.0503,0.0035,0.0439,0.0575,4000
false_winner,50,5,1,stochastic,0,old_repeats,0.0503,0.0035,0.0439,0.0575,4000
false_winner,50,5,1,stochastic,0,paired_raw,0.0465,0.0033,0.0404,0.0535,4000
false_winner,50,5,1,stochastic,0,new,0.0127,0.0018,0.0097,0.0167,4000
false_winner,50,5,3,stochastic,0,old_single,0.0530,0.0035,0.0465,0.0604,4000
false_winner,50,5,3,stochastic,0,old_repeats,0.0678,0.0040,0.0604,0.0760,4000
false_winner,50,5,3,stochastic,0,paired_raw,0.0592,0.0037,0.0523,0.0670,4000
false_winner,50,5,3,stochastic,0,new,0.0168,0.0020,0.0132,0.0212,4000
false_winner,50,5,5,stochastic,0,old_single,0.0510,0.0035,0.0446,0.0583,4000
false_winner,50,5,5,stochastic,0,old_repeats,0.0880,0.0045,0.0796,0.0972,4000
false_winner,50,5,5,stochastic,0,paired_raw,0.0707,0.0041,0.0632,0.0791,4000
false_winner,50,5,5,stochastic,0,new,0.0225,0.0023,0.0183,0.0276,4000
false_winner,50,5,3,deterministic,0,old_single,0.0442,0.0033,0.0383,0.0511,4000
false_winner,50,5,3,deterministic,0,old_repeats,0.3272,0.0074,0.3129,0.3420,4000
false_winner,50,5,3,deterministic,0,paired_raw,0.0452,0.0033,0.0392,0.0521,4000
false_winner,50,5,3,deterministic,0,new,0.0092,0.0015,0.0067,0.0127,4000
false_winner,50,5,5,deterministic,0,old_single,0.0450,0.0033,0.0390,0.0519,4000
false_winner,50,5,5,deterministic,0,old_repeats,0.5062,0.0079,0.4908,0.5217,4000
false_winner,50,5,5,deterministic,0,paired_raw,0.0437,0.0032,0.0378,0.0505,4000
false_winner,50,5,5,deterministic,0,new,0.0088,0.0015,0.0063,0.0121,4000
false_winner,100,2,1,stochastic,0,old_single,0.0217,0.0023,0.0177,0.0268,4000
false_winner,100,2,1,stochastic,0,old_repeats,0.0217,0.0023,0.0177,0.0268,4000
false_winner,100,2,1,stochastic,0,paired_raw,0.0310,0.0027,0.0261,0.0368,4000
false_winner,100,2,1,stochastic,0,new,0.0310,0.0027,0.0261,0.0368,4000
false_winner,100,2,3,stochastic,0,old_single,0.0262,0.0025,0.0217,0.0317,4000
false_winner,100,2,3,stochastic,0,old_repeats,0.0270,0.0026,0.0224,0.0325,4000
false_winner,100,2,3,stochastic,0,paired_raw,0.0367,0.0030,0.0313,0.0430,4000
false_winner,100,2,3,stochastic,0,new,0.0367,0.0030,0.0313,0.0430,4000
false_winner,100,2,5,stochastic,0,old_single,0.0225,0.0023,0.0183,0.0276,4000
false_winner,100,2,5,stochastic,0,old_repeats,0.0333,0.0028,0.0281,0.0393,4000
false_winner,100,2,5,stochastic,0,paired_raw,0.0365,0.0030,0.0311,0.0428,4000
false_winner,100,2,5,stochastic,0,new,0.0365,0.0030,0.0311,0.0428,4000
false_winner,100,2,3,deterministic,0,old_single,0.0227,0.0024,0.0186,0.0278,4000
false_winner,100,2,3,deterministic,0,old_repeats,0.1910,0.0062,0.1791,0.2035,4000
false_winner,100,2,3,deterministic,0,paired_raw,0.0315,0.0028,0.0265,0.0374,4000
false_winner,100,2,3,deterministic,0,new,0.0315,0.0028,0.0265,0.0374,4000
false_winner,100,2,5,deterministic,0,old_single,0.0235,0.0024,0.0192,0.0287,4000
false_winner,100,2,5,deterministic,0,old_repeats,0.3150,0.0073,0.3008,0.3296,4000
false_winner,100,2,5,deterministic,0,paired_raw,0.0325,0.0028,0.0274,0.0385,4000
false_winner,100,2,5,deterministic,0,new,0.0325,0.0028,0.0274,0.0385,4000
false_winner,100,3,1,stochastic,0,old_single,0.0330,0.0028,0.0279,0.0390,4000
false_winner,100,3,1,stochastic,0,old_repeats,0.0330,0.0028,0.0279,0.0390,4000
false_winner,100,3,1,stochastic,0,paired_raw,0.0318,0.0028,0.0267,0.0376,4000
false_winner,100,3,1,stochastic,0,new,0.0175,0.0021,0.0139,0.0221,4000
false_winner,100,3,3,stochastic,0,old_single,0.0330,0.0028,0.0279,0.0390,4000
false_winner,100,3,3,stochastic,0,old_repeats,0.0457,0.0033,0.0397,0.0527,4000
false_winner,100,3,3,stochastic,0,paired_raw,0.0387,0.0031,0.0332,0.0452,4000
false_winner,100,3,3,stochastic,0,new,0.0208,0.0023,0.0168,0.0256,4000
false_winner,100,3,5,stochastic,0,old_single,0.0302,0.0027,0.0254,0.0360,4000
false_winner,100,3,5,stochastic,0,old_repeats,0.0520,0.0035,0.0455,0.0593,4000
false_winner,100,3,5,stochastic,0,paired_raw,0.0445,0.0033,0.0385,0.0513,4000
false_winner,100,3,5,stochastic,0,new,0.0203,0.0022,0.0163,0.0251,4000
false_winner,100,3,3,deterministic,0,old_single,0.0360,0.0029,0.0307,0.0422,4000
false_winner,100,3,3,deterministic,0,old_repeats,0.2632,0.0070,0.2498,0.2771,4000
false_winner,100,3,3,deterministic,0,paired_raw,0.0348,0.0029,0.0295,0.0409,4000
false_winner,100,3,3,deterministic,0,new,0.0182,0.0021,0.0145,0.0229,4000
false_winner,100,3,5,deterministic,0,old_single,0.0357,0.0029,0.0304,0.0420,4000
false_winner,100,3,5,deterministic,0,old_repeats,0.4358,0.0078,0.4205,0.4512,4000
false_winner,100,3,5,deterministic,0,paired_raw,0.0340,0.0029,0.0288,0.0401,4000
false_winner,100,3,5,deterministic,0,new,0.0200,0.0022,0.0161,0.0248,4000
false_winner,100,5,1,stochastic,0,old_single,0.0413,0.0031,0.0355,0.0479,4000
false_winner,100,5,1,stochastic,0,old_repeats,0.0413,0.0031,0.0355,0.0479,4000
false_winner,100,5,1,stochastic,0,paired_raw,0.0425,0.0032,0.0367,0.0492,4000
false_winner,100,5,1,stochastic,0,new,0.0112,0.0017,0.0084,0.0150,4000
false_winner,100,5,3,stochastic,0,old_single,0.0525,0.0035,0.0460,0.0599,4000
false_winner,100,5,3,stochastic,0,old_repeats,0.0630,0.0038,0.0559,0.0710,4000
false_winner,100,5,3,stochastic,0,paired_raw,0.0665,0.0039,0.0592,0.0746,4000
false_winner,100,5,3,stochastic,0,new,0.0175,0.0021,0.0139,0.0221,4000
false_winner,100,5,5,stochastic,0,old_single,0.0478,0.0034,0.0416,0.0548,4000
false_winner,100,5,5,stochastic,0,old_repeats,0.0700,0.0040,0.0625,0.0783,4000
false_winner,100,5,5,stochastic,0,paired_raw,0.0620,0.0038,0.0549,0.0699,4000
false_winner,100,5,5,stochastic,0,new,0.0150,0.0019,0.0117,0.0193,4000
false_winner,100,5,3,deterministic,0,old_single,0.0535,0.0036,0.0469,0.0609,4000
false_winner,100,5,3,deterministic,0,old_repeats,0.3365,0.0075,0.3220,0.3513,4000
false_winner,100,5,3,deterministic,0,paired_raw,0.0565,0.0037,0.0498,0.0641,4000
false_winner,100,5,3,deterministic,0,new,0.0143,0.0019,0.0110,0.0184,4000
false_winner,100,5,5,deterministic,0,old_single,0.0473,0.0034,0.0411,0.0543,4000
false_winner,100,5,5,deterministic,0,old_repeats,0.5255,0.0079,0.5100,0.5409,4000
false_winner,100,5,5,deterministic,0,paired_raw,0.0548,0.0036,0.0481,0.0622,4000
false_winner,100,5,5,deterministic,0,new,0.0118,0.0017,0.0088,0.0156,4000
false_winner,200,2,1,stochastic,0,old_single,0.0225,0.0023,0.0183,0.0276,4000
false_winner,200,2,1,stochastic,0,old_repeats,0.0225,0.0023,0.0183,0.0276,4000
false_winner,200,2,1,stochastic,0,paired_raw,0.0365,0.0030,0.0311,0.0428,4000
false_winner,200,2,1,stochastic,0,new,0.0365,0.0030,0.0311,0.0428,4000
false_winner,200,2,3,stochastic,0,old_single,0.0267,0.0026,0.0222,0.0322,4000
false_winner,200,2,3,stochastic,0,old_repeats,0.0280,0.0026,0.0233,0.0336,4000
false_winner,200,2,3,stochastic,0,paired_raw,0.0415,0.0032,0.0357,0.0481,4000
false_winner,200,2,3,stochastic,0,new,0.0415,0.0032,0.0357,0.0481,4000
false_winner,200,2,5,stochastic,0,old_single,0.0267,0.0026,0.0222,0.0322,4000
false_winner,200,2,5,stochastic,0,old_repeats,0.0343,0.0029,0.0290,0.0403,4000
false_winner,200,2,5,stochastic,0,paired_raw,0.0445,0.0033,0.0385,0.0513,4000
false_winner,200,2,5,stochastic,0,new,0.0445,0.0033,0.0385,0.0513,4000
false_winner,200,2,3,deterministic,0,old_single,0.0210,0.0023,0.0170,0.0259,4000
false_winner,200,2,3,deterministic,0,old_repeats,0.1903,0.0062,0.1784,0.2027,4000
false_winner,200,2,3,deterministic,0,paired_raw,0.0367,0.0030,0.0313,0.0430,4000
false_winner,200,2,3,deterministic,0,new,0.0367,0.0030,0.0313,0.0430,4000
false_winner,200,2,5,deterministic,0,old_single,0.0245,0.0024,0.0201,0.0298,4000
false_winner,200,2,5,deterministic,0,old_repeats,0.3040,0.0073,0.2899,0.3184,4000
false_winner,200,2,5,deterministic,0,paired_raw,0.0428,0.0032,0.0369,0.0495,4000
false_winner,200,2,5,deterministic,0,new,0.0428,0.0032,0.0369,0.0495,4000
false_winner,200,3,1,stochastic,0,old_single,0.0310,0.0027,0.0261,0.0368,4000
false_winner,200,3,1,stochastic,0,old_repeats,0.0310,0.0027,0.0261,0.0368,4000
false_winner,200,3,1,stochastic,0,paired_raw,0.0365,0.0030,0.0311,0.0428,4000
false_winner,200,3,1,stochastic,0,new,0.0195,0.0022,0.0157,0.0243,4000
false_winner,200,3,3,stochastic,0,old_single,0.0285,0.0026,0.0238,0.0341,4000
false_winner,200,3,3,stochastic,0,old_repeats,0.0390,0.0031,0.0334,0.0455,4000
false_winner,200,3,3,stochastic,0,paired_raw,0.0385,0.0030,0.0330,0.0449,4000
false_winner,200,3,3,stochastic,0,new,0.0227,0.0024,0.0186,0.0278,4000
false_winner,200,3,5,stochastic,0,old_single,0.0302,0.0027,0.0254,0.0360,4000
false_winner,200,3,5,stochastic,0,old_repeats,0.0512,0.0035,0.0448,0.0585,4000
false_winner,200,3,5,stochastic,0,paired_raw,0.0470,0.0033,0.0409,0.0540,4000
false_winner,200,3,5,stochastic,0,new,0.0253,0.0025,0.0208,0.0306,4000
false_winner,200,3,3,deterministic,0,old_single,0.0357,0.0029,0.0304,0.0420,4000
false_winner,200,3,3,deterministic,0,old_repeats,0.2587,0.0069,0.2454,0.2725,4000
false_winner,200,3,3,deterministic,0,paired_raw,0.0413,0.0031,0.0355,0.0479,4000
false_winner,200,3,3,deterministic,0,new,0.0203,0.0022,0.0163,0.0251,4000
false_winner,200,3,5,deterministic,0,old_single,0.0312,0.0028,0.0263,0.0371,4000
false_winner,200,3,5,deterministic,0,old_repeats,0.3840,0.0077,0.3690,0.3992,4000
false_winner,200,3,5,deterministic,0,paired_raw,0.0415,0.0032,0.0357,0.0481,4000
false_winner,200,3,5,deterministic,0,new,0.0222,0.0023,0.0181,0.0273,4000
false_winner,200,5,1,stochastic,0,old_single,0.0483,0.0034,0.0420,0.0553,4000
false_winner,200,5,1,stochastic,0,old_repeats,0.0483,0.0034,0.0420,0.0553,4000
false_winner,200,5,1,stochastic,0,paired_raw,0.0540,0.0036,0.0474,0.0614,4000
false_winner,200,5,1,stochastic,0,new,0.0138,0.0018,0.0106,0.0179,4000
false_winner,200,5,3,stochastic,0,old_single,0.0517,0.0035,0.0453,0.0591,4000
false_winner,200,5,3,stochastic,0,old_repeats,0.0555,0.0036,0.0488,0.0630,4000
false_winner,200,5,3,stochastic,0,paired_raw,0.0645,0.0039,0.0573,0.0725,4000
false_winner,200,5,3,stochastic,0,new,0.0177,0.0021,0.0141,0.0223,4000
false_winner,200,5,5,stochastic,0,old_single,0.0475,0.0034,0.0413,0.0545,4000
false_winner,200,5,5,stochastic,0,old_repeats,0.0798,0.0043,0.0718,0.0886,4000
false_winner,200,5,5,stochastic,0,paired_raw,0.0700,0.0040,0.0625,0.0783,4000
false_winner,200,5,5,stochastic,0,new,0.0215,0.0023,0.0174,0.0265,4000
false_winner,200,5,3,deterministic,0,old_single,0.0432,0.0032,0.0374,0.0500,4000
false_winner,200,5,3,deterministic,0,old_repeats,0.3515,0.0075,0.3369,0.3664,4000
false_winner,200,5,3,deterministic,0,paired_raw,0.0635,0.0039,0.0564,0.0715,4000
false_winner,200,5,3,deterministic,0,new,0.0138,0.0018,0.0106,0.0179,4000
false_winner,200,5,5,deterministic,0,old_single,0.0527,0.0035,0.0462,0.0601,4000
false_winner,200,5,5,deterministic,0,old_repeats,0.5095,0.0079,0.4940,0.5250,4000
false_winner,200,5,5,deterministic,0,paired_raw,0.0663,0.0039,0.0590,0.0744,4000
false_winner,200,5,5,deterministic,0,new,0.0138,0.0018,0.0106,0.0179,4000
power,100,2,1,stochastic,0,old_single,0.0085,0.0015,0.0061,0.0119,4000
power,100,2,1,stochastic,0,new,0.0135,0.0018,0.0104,0.0176,4000
power,100,2,1,stochastic,2.5,old_single,0.0360,0.0029,0.0307,0.0422,4000
power,100,2,1,stochastic,2.5,new,0.0462,0.0033,0.0402,0.0532,4000
power,100,2,1,stochastic,5,old_single,0.0830,0.0044,0.0748,0.0920,4000
power,100,2,1,stochastic,5,new,0.1020,0.0048,0.0930,0.1118,4000
power,100,2,1,stochastic,7.5,old_single,0.1842,0.0061,0.1725,0.1966,4000
power,100,2,1,stochastic,7.5,new,0.2140,0.0065,0.2016,0.2270,4000
power,100,2,1,stochastic,10,old_single,0.3332,0.0075,0.3188,0.3480,4000
power,100,2,1,stochastic,10,new,0.3700,0.0076,0.3552,0.3851,4000
power,100,2,1,stochastic,12.5,old_single,0.5168,0.0079,0.5013,0.5322,4000
power,100,2,1,stochastic,12.5,new,0.5505,0.0079,0.5350,0.5659,4000
power,100,2,1,stochastic,15,old_single,0.7050,0.0072,0.6907,0.7189,4000
power,100,2,1,stochastic,15,new,0.7332,0.0070,0.7193,0.7467,4000
